Node1,Node2,Association,Dissimilarity,Adjecency
Atopococcus,Granulicatella,0.83113344,0.290574053,0.709425947
Lactococcus,Nonlabens,0.828540451,0.292796473,0.707203527
Snodgrassella,Gluconacetobacter,0.81580821,0.303473055,0.696526945
Atopostipes,Millisia,0.800829,0.315571703,0.684428297
Enhydrobacter,Deinococcus,0.788389762,0.325276988,0.674723012
Atopococcus,Atopostipes,0.771678905,0.337876527,0.662123473
Lactobacillus,Pediococcus,0.766544966,0.34165409,0.65834591
Bacteria_Firmicutes_Clostridia_Clostridiales_Ruminococcaceae_Clostridium,CF231,0.762012051,0.344955033,0.655044967
Atopostipes,Papillibacter,0.761661045,0.345209324,0.654790676
Collinsella,Dorea,0.757976646,0.347867326,0.652132674
Atopococcus,Millisia,0.755448947,0.349679177,0.650320823
Collinsella,Butyricicoccus,0.749227955,0.354098888,0.645901112
Micrococcus,Granulicatella,0.744828916,0.357191184,0.642808816
Deinococcus,Moraxella,0.743829061,0.357890304,0.642109696
Millisia,ph2,0.738171171,0.36182097,0.63817903
Atopostipes,Granulicatella,0.736558296,0.362933675,0.637066325
CF231,Bacteria_Firmicutes_Clostridia_Clostridiales_Lachnospiraceae_Clostridium,0.735737151,0.363498865,0.636501135
Rothia,Enhydrobacter,0.733803311,0.364826458,0.635173542
Granulicatella,Millisia,0.729850525,0.367525152,0.632474848
Enhydrobacter,Moraxella,0.727058082,0.36941976,0.63058024
Granulicatella,Papillibacter,0.725829212,0.370250447,0.629749553
Millisia,GW-34,0.721653129,0.37305956,0.62694044
Collinsella,Succinivibrio,0.71960056,0.374432531,0.625567469
Butyricicoccus,Dorea,0.71689107,0.376237246,0.623762754
Lactococcus,Pseudoxanthomonas,0.712940588,0.378853146,0.621146854
Pseudoxanthomonas,Nonlabens,0.711189274,0.380007057,0.619992943
Elizabethkingia,Acinetobacter,0.70937483,0.381198878,0.618801122
Millisia,Papillibacter,0.70535226,0.383827917,0.616172083
Dorea,Peptostreptococcus,0.701895176,0.386073066,0.613926934
Butyricicoccus,Peptostreptococcus,0.698358129,0.388356712,0.611643288
Succinivibrio,Dorea,0.696826093,0.389341693,0.610658307
Bacteria_Firmicutes_Clostridia_Clostridiales_Ruminococcaceae_Clostridium,Bacteria_Firmicutes_Clostridia_Clostridiales_Lachnospiraceae_Clostridium,0.696399331,0.389615624,0.610384376
Bacteria_Firmicutes_Clostridia_Clostridiales_Peptostreptococcaceae_Clostridium,Bacteria_Firmicutes_Clostridia_Clostridiales_Ruminococcaceae_Clostridium,0.694203183,0.391022261,0.608977739
Atopococcus,ph2,0.69180203,0.392554436,0.607445564
[Prevotella],Collinsella,0.690891595,0.393133823,0.606866177
Selenomonas,Collinsella,0.690710688,0.393248847,0.606751153
Atopococcus,Micrococcus,0.690147362,0.393606807,0.606393193
[Prevotella],Butyricicoccus,0.689199243,0.394208547,0.605791453
[Prevotella],Dorea,0.687851577,0.395062288,0.604937712
Collinsella,Peptostreptococcus,0.684646321,0.397085431,0.602914569
Atopococcus,Corynebacterium,0.683889324,0.397561741,0.602438259
Bacteria_Firmicutes_Clostridia_Clostridiales_Peptostreptococcaceae_Clostridium,Bacteria_Firmicutes_Clostridia_Clostridiales_Lachnospiraceae_Clostridium,0.682789321,0.398252859,0.601747141
Granulicatella,ph2,0.682546855,0.398405036,0.601594964
Alkanindiges,Nonlabens,0.681767419,0.398893834,0.601106166
Butyricicoccus,Succinivibrio,0.67980137,0.400124125,0.599875875
Atopococcus,Papillibacter,0.67724726,0.401716778,0.598283222
Bacteria_Firmicutes_Clostridia_Clostridiales_Lachnospiraceae_Ruminococcus,[Clostridium],0.67530036,0.402926569,0.597073431
Lactococcus,Pedobacter,0.675027465,0.403095854,0.596904146
Atopostipes,Trueperella,0.672983054,0.404361809,0.595638191
Selenomonas,Butyricicoccus,0.672885399,0.404422181,0.595577819
Prevotella,Treponema,0.672256293,0.404810886,0.595189114
Granulicatella,[Clostridium],0.671989252,0.40497577,0.59502423
[Prevotella],Peptostreptococcus,0.665991528,0.408661518,0.591338482
[Prevotella],Eggerthella,0.664990827,0.409273242,0.590726758
Rhizobium,Brevundimonas,0.664299599,0.409695253,0.590304747
Helcococcus,Lactonifactor,0.664287202,0.409702818,0.590297182
Dysgonomonas,Xanthobacter,0.662308254,0.410908595,0.589091405
Millisia,Trueperella,0.660079277,0.412262491,0.587737509
Lactococcus,Alkanindiges,0.659358558,0.412699311,0.587300689
Succinivibrio,Peptostreptococcus,0.658045693,0.413493837,0.586506163
Arthrobacter,Nocardioides,0.658035462,0.413500023,0.586499977
Pedobacter,Nonlabens,0.656386769,0.414495615,0.585504385
Succinispira,Prevotella,0.653667295,0.416132614,0.583867386
Rothia,Deinococcus,0.651106255,0.417668376,0.582331624
Atopostipes,ph2,0.650449697,0.418061182,0.581938818
Bacteria_Firmicutes_Clostridia_Clostridiales_Peptostreptococcaceae_Clostridium,[Clostridium],0.650093621,0.41827406,0.58172594
Kocuria,Pedobacter,0.649522973,0.418614995,0.581385005
[Prevotella],Succinivibrio,0.648884934,0.418995863,0.581004137
Selenomonas,Dorea,0.64882745,0.41903016,0.58096984
Rothia,Staphylococcus,0.646225782,0.420579492,0.579420508
Bacteria_Firmicutes_Clostridia_Clostridiales_Peptostreptococcaceae_Clostridium,CF231,0.642938287,0.422529119,0.577470881
Trueperella,ph2,0.641544524,0.423352971,0.576647029
Selenomonas,Peptostreptococcus,0.631852309,0.42903828,0.57096172
[Prevotella],Selenomonas,0.630587753,0.429774503,0.570225497
Atopococcus,Trueperella,0.628809484,0.430807681,0.569192319
Prevotella,Bacteria_Firmicutes_Clostridia_Clostridiales_Ruminococcaceae_Clostridium,0.626528961,0.432129054,0.567870946
Elizabethkingia,Alkanindiges,0.625889474,0.432498859,0.567501141
Bordetella,Dysgonomonas,0.623751091,0.43373316,0.56626684
Granulicatella,Bacteria_Firmicutes_Clostridia_Clostridiales_Peptostreptococcaceae_Clostridium,0.623724221,0.433748648,0.566251352
Trueperella,Alkalibacterium,0.623589599,0.433826233,0.566173767
Bordetella,Xanthobacter,0.622614063,0.434388039,0.565611961
Ornithinimicrobium,Nocardioides,0.621212825,0.435193735,0.564806265
Selenomonas,Succinivibrio,0.619578261,0.436131711,0.563868289
Novosphingobium,Lacticigenium,0.616776428,0.437734835,0.562265165
Kocuria,Sphingobacterium,0.615735198,0.438329101,0.561670899
Micrococcus,Atopostipes,0.613743484,0.439463603,0.560536397
Bordetella,Ochrobactrum,0.613705679,0.439485109,0.560514891
CF231,Alistipes,0.612447899,0.440200012,0.559799988
Arthrobacter,Ornithinimicrobium,0.611803491,0.440565835,0.559434165
Novosphingobium,Sphingobium,0.609202992,0.44203903,0.55796097
Enhydrobacter,Albidovulum,0.608145185,0.44263688,0.55736312
Enhydrobacter,Elizabethkingia,0.605470281,0.444145089,0.555854911
Staphylococcus,Ornithinimicrobium,0.604533244,0.444672214,0.555327786
Dysgonomonas,Sphingobacterium,0.603917189,0.445018433,0.554981567
Micrococcus,Millisia,0.603396957,0.44531059,0.55468941
Lactococcus,Snodgrassella,0.602334268,0.445906791,0.554093209
Succinispira,Bacteria_Firmicutes_Bacilli_Bacillales_Bacillaceae_Bacillus,0.602269853,0.445942904,0.554057096
Kocuria,Ochrobactrum,0.599559005,0.447460051,0.552539949
Rhizobium,Nonlabens,0.598993775,0.447775739,0.552224261
Snodgrassella,Nonlabens,0.596433284,0.449203025,0.550796975
Xanthobacter,Sphingobacterium,0.591630735,0.451867937,0.548132063
Snodgrassella,Pedobacter,0.591282734,0.452060431,0.547939569
Petrimonas,Acholeplasma,0.590874202,0.452286302,0.547713698
Elizabethkingia,Deinococcus,0.589429117,0.453084365,0.546915635
Helcobacillus,Bacteria_Firmicutes_Bacilli_Bacillales_Planococcaceae_Bacillus,0.589290177,0.453161022,0.546838978
Kocuria,Xanthobacter,0.589103484,0.453264005,0.546735995
Dorea,Eggerthella,0.588472872,0.453611689,0.546388311
Millisia,Akkermansia,0.587802923,0.453980769,0.546019231
Macrococcus,Arthrobacter,0.58765391,0.454062821,0.545937179
Bacteria_Firmicutes_Clostridia_Clostridiales_Lachnospiraceae_Ruminococcus,Anaerobiospirillum,0.58736133,0.454223882,0.545776118
Rothia,Moraxella,0.587301707,0.454256697,0.545743303
Corynebacterium,Nocardioides,0.581070695,0.457673085,0.542326915
Collinsella,Eggerthella,0.581014328,0.457703873,0.542296127
Streptococcus,Lactococcus,0.580919852,0.457755474,0.542244526
Succinispira,CF231,0.579815028,0.458358469,0.541641531
Kocuria,Lactococcus,0.579219929,0.458682935,0.541317065
Arcobacter,Desulfovibrio,0.579115088,0.458740075,0.541259925
Trueperella,Isobaculum,0.578281854,0.459193938,0.540806062
Kocuria,Dysgonomonas,0.577940781,0.459379592,0.540620408
Enhydrobacter,Caldimonas,0.577462584,0.459639759,0.540360241
Lacticigenium,Sphingobium,0.57634243,0.460248612,0.539751388
Prevotella,CF231,0.576014487,0.460426711,0.539573289
Kocuria,Nonlabens,0.575059621,0.460944888,0.539055112
Staphylococcus,Nocardioides,0.572800642,0.462168453,0.537831547
Deinococcus,Albidovulum,0.569514095,0.463942833,0.536057167
Butyricicoccus,Eggerthella,0.568269704,0.464612901,0.535387099
Novosphingobium,Brevundimonas,0.567272325,0.465149263,0.534850737
GW-34,Lactonifactor,0.56572141,0.465982076,0.534017924
Streptococcus,Pedobacter,0.563564975,0.467137573,0.532862427
Alkanindiges,Pedobacter,0.562399891,0.467760681,0.532239319
Ornithinimicrobium,Bacteria_Firmicutes_Bacilli_Bacillales_Planococcaceae_Bacillus,0.56098451,0.468516536,0.531483464
Caldimonas,Albidovulum,0.558388637,0.46989965,0.53010035
Psychrobacter,Macellibacteroides,0.557264962,0.470497098,0.529502902
Bacteria_Firmicutes_Bacilli_Bacillales_Bacillaceae_Bacillus,Roseburia,0.556678963,0.470808367,0.529191633
Micrococcus,Bacteria_Firmicutes_Clostridia_Clostridiales_Ruminococcaceae_Clostridium,0.554472086,0.471978767,0.528021233
Granulicatella,Bacteria_Firmicutes_Clostridia_Clostridiales_Lachnospiraceae_Ruminococcus,0.553703525,0.472385687,0.527614313
Lactobacillus,Selenomonas,0.552473409,0.473036252,0.526963748
Corynebacterium,Millisia,0.552363862,0.473094144,0.526905856
Moraxella,Massilia,0.552261768,0.473148091,0.526851909
Pseudoxanthomonas,Brevundimonas,0.551139087,0.473740917,0.526259083
ph2,Lactonifactor,0.550726,0.473958859,0.526041141
Corynebacterium,Micrococcus,0.549812489,0.474440466,0.525559534
Atopostipes,Akkermansia,0.548735046,0.47500787,0.52499213
Snodgrassella,Alkanindiges,0.54769947,0.475552589,0.524447411
Lactococcus,Rhizobium,0.546706701,0.476074206,0.523925794
Isobaculum,Alkalibacterium,0.546624402,0.476117422,0.523882578
Bacteria_Firmicutes_Bacilli_Bacillales_Planococcaceae_Bacillus,Nitrobacteria,0.544798569,0.477075168,0.522924832
Succinispira,Bacteria_Firmicutes_Clostridia_Clostridiales_Lachnospiraceae_Ruminococcus,0.54441003,0.477278729,0.522721271
Selenomonas,Macellibacteroides,0.543897135,0.477547309,0.522452691
ph2,Papillibacter,0.541747238,0.478671475,0.521328525
Brevundimonas,Moraxella,0.541046574,0.479037277,0.520962723
Elizabethkingia,Snodgrassella,0.538491824,0.4803687,0.5196313
Selenomonas,Anaerobiospirillum,0.537807511,0.480724707,0.519275293
Alkanindiges,Pseudoxanthomonas,0.537285851,0.480995919,0.519004081
Papillibacter,Akkermansia,0.536320567,0.481497369,0.518502631
Bacteria_Firmicutes_Clostridia_Clostridiales_Clostridiaceae_Clostridium,[Clostridium],0.536023896,0.48165138,0.51834862
Elizabethkingia,Brevundimonas,0.535203468,0.482077033,0.517922967
Elizabethkingia,Nonlabens,0.533956181,0.48272343,0.51727657
Succinispira,Bacteria_Firmicutes_Clostridia_Clostridiales_Ruminococcaceae_Clostridium,0.533923574,0.482740316,0.517259684
Streptococcus,Nonlabens,0.532474571,0.483490139,0.516509861
Micrococcus,Bacteria_Firmicutes_Clostridia_Clostridiales_Peptostreptococcaceae_Clostridium,0.529164682,0.485198577,0.514801423
Nonlabens,Brevundimonas,0.528399393,0.485592734,0.514407266
Flavobacterium,Sporobacter,0.527868469,0.485865995,0.514134005
Atopostipes,GW-34,0.527371121,0.486121836,0.513878164
Trueperella,Lactonifactor,0.527344249,0.486135655,0.513864345
Rothia,Bacteria_Firmicutes_Bacilli_Bacillales_Planococcaceae_Bacillus,0.526475143,0.486582397,0.513417603
Bacteria_Firmicutes_Bacilli_Bacillales_Bacillaceae_Bacillus,Treponema,0.526316133,0.486664087,0.513335913
Streptococcus,Snodgrassella,0.525792802,0.486932849,0.513067151
Peptostreptococcus,Eggerthella,0.525719401,0.486970533,0.513029467
Barnesiella,Bacteria_Firmicutes_Clostridia_Clostridiales_Ruminococcaceae_Bacteroides,0.525315396,0.487177896,0.512822104
Deinococcus,Massilia,0.525287337,0.487192294,0.512807706
Rothia,Ornithinimicrobium,0.52258121,0.488578955,0.511421045
Bacteria_Firmicutes_Clostridia_Clostridiales_Lachnospiraceae_Ruminococcus,Helcococcus,0.522104956,0.488822587,0.511177413
Granulicatella,Akkermansia,0.520937289,0.489419406,0.510580594
Sporobacter,Macellibacteroides,0.519809304,0.489995253,0.510004747
Bordetella,Sphingobacterium,0.519419111,0.490194293,0.509805707
Trueperella,GW-34,0.519321922,0.490243857,0.509756143
Serinibacter,Luteimicrobium,0.518011805,0.490911497,0.509088503
Prevotella,Bacteria_Firmicutes_Clostridia_Clostridiales_Lachnospiraceae_Clostridium,0.517825706,0.49100626,0.50899374
Enhydrobacter,Brevundimonas,0.516317653,0.491773498,0.508226502
Campylobacter,Oscillospira,0.516064492,0.491902179,0.508097821
Petrimonas,Barnesiella,0.514474896,0.492709399,0.507290601
Treponema,Anaerobiospirillum,0.514433496,0.492730405,0.507269595
Nonlabens,Gluconacetobacter,0.513165359,0.493373409,0.506626591
Succinivibrio,Anaerobiospirillum,0.512970223,0.493472277,0.506527723
GW-34,Alkalibacterium,0.512684644,0.493616934,0.506383066
Staphylococcus,Bacteria_Firmicutes_Bacilli_Bacillales_Planococcaceae_Bacillus,0.51243218,0.493744782,0.506255218
Elizabethkingia,Lactococcus,0.511013883,0.494462394,0.505537606
Bacteria_Firmicutes_Clostridia_Clostridiales_Ruminococcaceae_Clostridium,Alistipes,0.510086626,0.494930992,0.505069008
Atopococcus,GW-34,0.508276251,0.495844607,0.504155393
Micrococcus,Bacteria_Firmicutes_Bacilli_Bacillales_Planococcaceae_Bacillus,0.507708729,0.496130664,0.503869336
Micrococcus,Helcobacillus,0.506790751,0.496593017,0.503406983
Pseudoxanthomonas,Pedobacter,0.506612368,0.496682812,0.503317188
Helcobacillus,Dietzia,0.506370495,0.496804541,0.503195459
Psychrobacter,Bacteria_Firmicutes_Clostridia_Clostridiales_Ruminococcaceae_Bacteroides,0.505857589,0.497062577,0.502937423
Bacteria_Firmicutes_Clostridia_Clostridiales_Clostridiaceae_Clostridium,Bacteria_Firmicutes_Clostridia_Clostridiales_Ruminococcaceae_Clostridium,0.504883515,0.497552251,0.502447749
Bacteria_Firmicutes_Clostridia_Clostridiales_Clostridiaceae_Clostridium,Bacteria_Bacteroidetes_Bacteroidia_Bacteroidales_Bacteroidaceae_Bacteroides,0.504811187,0.497588592,0.502411408
Bacteria_Firmicutes_Clostridia_Clostridiales_Clostridiaceae_Clostridium,Bacteria_Firmicutes_Clostridia_Clostridiales_Lachnospiraceae_Ruminococcus,0.504585403,0.497702018,0.502297982
Succinivibrio,Eggerthella,0.503974159,0.498008956,0.501991044
Barnesiella,Acholeplasma,0.503769892,0.498111488,0.501888512
Selenomonas,Psychrobacter,0.502737277,0.498629483,0.501370517
Micrococcus,Papillibacter,0.502560029,0.498718343,0.501281657
Succinivibrio,Treponema,0.502312113,0.498842604,0.501157396
Prevotella,Alistipes,0.502276722,0.49886034,0.50113966
Micrococcus,[Clostridium],0.501685428,0.499156575,0.500843425
GW-34,ph2,0.501669054,0.499164775,0.500835225
ph2,Helcococcus,0.500971883,0.499513822,0.500486178
Acinetobacter,Pedobacter,0.500960969,0.499519285,0.500480715
Granulicatella,Bacteria_Firmicutes_Clostridia_Clostridiales_Ruminococcaceae_Clostridium,0.50049992,0.499749978,0.500250022
Atopococcus,[Clostridium],0.500031252,0.499984374,0.500015626
Alkanindiges,Brevundimonas,0.499179748,0.500409958,0.499590042
Elizabethkingia,Moraxella,0.498844713,0.50057731,0.49942269
Helcococcus,Barnesiella,0.49853554,0.500731695,0.499268305
Acholeplasma,Alkalibacterium,0.498450665,0.500774069,0.499225931
Granulicatella,Kribbia,0.498286748,0.500855893,0.499144107
Bacteria_Firmicutes_Clostridia_Clostridiales_Clostridiaceae_Clostridium,Prevotella,0.498060297,0.500968912,0.499031088
Rothia,Albidovulum,0.497498532,0.501249174,0.498750826
GW-34,Helcococcus,0.497268753,0.501363764,0.498636236
Lactococcus,Sphingobacterium,0.496797505,0.501598692,0.498401308
Kocuria,Bordetella,0.495615175,0.502187627,0.497812373
Atopococcus,Kribbia,0.494656816,0.502664493,0.497335507
Millisia,Lactonifactor,0.494081284,0.502950652,0.497049348
Streptococcus,Gluconacetobacter,0.493513483,0.503232808,0.496767192
Granulicatella,Trueperella,0.492839049,0.503567747,0.496432253
Snodgrassella,Rhizobium,0.492404066,0.503783651,0.496216349
Micrococcus,Dietzia,0.490770244,0.504593775,0.495406225
Pedobacter,Gluconacetobacter,0.490465134,0.504744919,0.495255081
Granulicatella,Helcococcus,0.490375859,0.504789135,0.495210865
Psychrobacter,Sporobacter,0.4902411,0.504855871,0.495144129
Succinispira,Alistipes,0.489834229,0.505057309,0.494942691
Bacteria_Firmicutes_Clostridia_Clostridiales_Lachnospiraceae_Ruminococcus,Barnesiella,0.488723025,0.505607049,0.494392951
Ochrobactrum,Dysgonomonas,0.487857465,0.506034848,0.493965152
Bacteria_Firmicutes_Clostridia_Clostridiales_Peptostreptococcaceae_Clostridium,Bacteria_Firmicutes_Clostridia_Clostridiales_Lachnospiraceae_Ruminococcus,0.487500705,0.50621107,0.49378893
GW-34,Papillibacter,0.486374661,0.506766879,0.493233121
Ochrobactrum,Xanthobacter,0.485609635,0.507144144,0.492855856
Bacteria_Firmicutes_Clostridia_Clostridiales_Clostridiaceae_Clostridium,Roseburia,0.485081353,0.507404497,0.492595503
Rhizobium,Pseudoxanthomonas,0.483490286,0.508187817,0.491812183
[Prevotella],Macellibacteroides,0.482289972,0.508777961,0.491222039
Millisia,Alkalibacterium,0.481422249,0.509204159,0.490795841
Atopococcus,Helcococcus,0.481270572,0.509278621,0.490721379
Succinispira,Treponema,0.481269733,0.509279033,0.490720967
Atopostipes,Lactonifactor,0.480815155,0.509502132,0.490497868
Nocardioides,Caldimonas,0.47970454,0.510046792,0.489953208
Trueperella,Papillibacter,0.476629287,0.51155191,0.48844809
Succinispira,Bacteria_Firmicutes_Clostridia_Clostridiales_Lachnospiraceae_Clostridium,0.476473548,0.511628015,0.488371985
Macrococcus,Trueperella,0.476039462,0.511840082,0.488159918
Elizabethkingia,Gluconacetobacter,0.475405556,0.512149609,0.487850391
Arthrobacter,Deinococcus,0.473379428,0.513137687,0.486862313
Micrococcus,ph2,0.473126612,0.513260844,0.486739156
Bacteria_Firmicutes_Clostridia_Clostridiales_Lachnospiraceae_Ruminococcus,Prevotella,0.471012381,0.514289617,0.485710383
GW-34,Isobaculum,0.470621417,0.514479632,0.485520368
Roseburia,Treponema,0.470536798,0.514520749,0.485479251
[Clostridium],Papillibacter,0.470421871,0.514576587,0.485423413
Kurthia,Campylobacter,0.469907478,0.514826438,0.485173562
Bacteria_Firmicutes_Clostridia_Clostridiales_Lachnospiraceae_Ruminococcus,Bacteria_Firmicutes_Clostridia_Clostridiales_Ruminococcaceae_Bacteroides,0.469553145,0.514998473,0.485001527
Kribbia,Serinibacter,0.469467365,0.515040113,0.484959887
Atopococcus,Lactonifactor,0.468797191,0.515365312,0.484634688
Prevotella,Bacteria_Firmicutes_Bacilli_Bacillales_Bacillaceae_Bacillus,0.468435363,0.515540802,0.484459198
Nitrobacteria,Sphingobacterium,0.468082795,0.515711744,0.484288256
Alkanindiges,Gluconacetobacter,0.46780685,0.515845495,0.484154505
Millisia,Isobaculum,0.467623538,0.515934328,0.484065672
[Clostridium],Bacteria_Firmicutes_Clostridia_Clostridiales_Lachnospiraceae_Clostridium,0.467383839,0.516050463,0.483949537
Lactococcus,Gluconacetobacter,0.467310138,0.516086166,0.483913834
Nonlabens,Sphingobacterium,0.467251449,0.516114595,0.483885405
Corynebacterium,Atopostipes,0.467120853,0.51617785,0.48382215
Papillibacter,Lactonifactor,0.466586762,0.516436462,0.483563538
ph2,Isobaculum,0.466442585,0.516506251,0.483493749
Helcococcus,Petrimonas,0.46641444,0.516519874,0.483480126
Millisia,Kurthia,0.466248227,0.516600316,0.483399684
Bacteria_Firmicutes_Clostridia_Clostridiales_Lachnospiraceae_Clostridium,Alistipes,0.46541289,0.517004405,0.482995595
Granulicatella,Kurthia,0.465400988,0.517010161,0.482989839
Dorea,Anaerobiospirillum,0.464080759,0.517648163,0.482351837
ph2,Weissella,0.463820334,0.517773921,0.482226079
Selenomonas,Eggerthella,0.463256035,0.518046313,0.481953687
Bifidobacterium,Bacteria_Bacteroidetes_Bacteroidia_Bacteroidales_Bacteroidaceae_Bacteroides,0.462406604,0.518456071,0.481543929
[Clostridium],Flavobacterium,0.462283675,0.518515345,0.481484655
Streptococcus,Elizabethkingia,0.461294916,0.518991852,0.481008148
Kocuria,Brevundimonas,0.461152203,0.519060592,0.480939408
Corynebacterium,Dietzia,0.461003912,0.51913201,0.48086799
Bacteria_Firmicutes_Clostridia_Clostridiales_Clostridiaceae_Clostridium,Succinispira,0.460982308,0.519142414,0.480857586
ph2,Alkalibacterium,0.460503413,0.519372981,0.480627019
Bacteria_Firmicutes_Clostridia_Clostridiales_Lachnospiraceae_Ruminococcus,CF231,0.460301903,0.519469969,0.480530031
Petrimonas,Bacteria_Firmicutes_Clostridia_Clostridiales_Ruminococcaceae_Bacteroides,0.459646253,0.519785411,0.480214589
Atopostipes,[Clostridium],0.458311197,0.520427134,0.479572866
Snodgrassella,Pseudoxanthomonas,0.458156583,0.520501401,0.479498599
Kocuria,Pseudoxanthomonas,0.45761707,0.520760468,0.479239532
Desulfovibrio,Barnesiella,0.456778081,0.521163083,0.478836917
Lactococcus,Brevundimonas,0.456617273,0.521240217,0.478759783
Albidovulum,Xanthobacter,0.455423337,0.521812545,0.478187455
Roseburia,Anaerobiospirillum,0.454944564,0.522041874,0.477958126
Nitrobacteria,Albidovulum,0.454530909,0.522239931,0.477760069
Helcococcus,Bacteria_Firmicutes_Clostridia_Clostridiales_Ruminococcaceae_Bacteroides,0.453951815,0.522517074,0.477482926
Atopococcus,Bacteria_Firmicutes_Clostridia_Clostridiales_Peptostreptococcaceae_Clostridium,0.453071464,0.522938111,0.477061889
Lacticigenium,Brevundimonas,0.450466072,0.524182186,0.475817814
Collinsella,Anaerobiospirillum,0.450037069,0.524386752,0.475613248
Millisia,Dietzia,0.449252315,0.524760748,0.475239252
Arcobacter,Campylobacter,0.448897763,0.524929632,0.475070368
Staphylococcus,Caldimonas,0.448675557,0.525035448,0.474964552
Lysobacter,Brevibacterium,0.448212371,0.525255951,0.474744049
Streptococcus,Alkanindiges,0.448029961,0.525342764,0.474657236
Pedobacter,Sphingobacterium,0.446657415,0.525995525,0.474004475
[Clostridium],Bacteria_Firmicutes_Clostridia_Clostridiales_Ruminococcaceae_Clostridium,0.446621908,0.526012401,0.473987599
Ornithinimicrobium,Ochrobactrum,0.446533041,0.526054636,0.473945364
Helcococcus,Acholeplasma,0.446467354,0.526085851,0.473914149
Succinispira,Roseburia,0.446322461,0.526154701,0.473845299
Butyricicoccus,Anaerobiospirillum,0.445523861,0.526534015,0.473465985
Dietzia,Nocardioides,0.445474587,0.52655741,0.47344259
Albidovulum,Dysgonomonas,0.445182598,0.526696023,0.473303977
Deinococcus,Brevundimonas,0.445007492,0.526779132,0.473220868
Staphylococcus,Enhydrobacter,0.44486733,0.526845646,0.473154354
Helcobacillus,Nitrobacteria,0.444510788,0.527014806,0.472985194
Atopostipes,Roseburia,0.443804442,0.527349769,0.472650231
[Clostridium],Sporobacter,0.443746635,0.527377173,0.472622827
Dorea,Macellibacteroides,0.443006106,0.5277281,0.4722719
Rothia,Helcobacillus,0.442957184,0.527751275,0.472248725
Atopococcus,Akkermansia,0.442744461,0.527852034,0.472147966
Atopococcus,Bacteria_Firmicutes_Clostridia_Clostridiales_Lachnospiraceae_Ruminococcus,0.442589805,0.527925276,0.472074724
Elizabethkingia,Pseudoxanthomonas,0.442534485,0.527951472,0.472048528
Bacteria_Firmicutes_Clostridia_Clostridiales_Clostridiaceae_Clostridium,CF231,0.442212381,0.528103976,0.471896024
Micrococcus,CF231,0.441159916,0.528601969,0.471398031
Millisia,Helcococcus,0.440772621,0.528785107,0.471214893
Corynebacterium,GW-34,0.440670503,0.528833384,0.471166616
Flavobacterium,Arcobacter,0.440667065,0.52883501,0.47116499
Lactococcus,Nitrobacteria,0.440440233,0.528942231,0.471057769
Bacteria_Firmicutes_Clostridia_Clostridiales_Lachnospiraceae_Ruminococcus,Succinivibrio,0.440034374,0.529134022,0.470865978
Macrococcus,Alkalibacterium,0.439281737,0.529489501,0.470510499
Trueperella,Helcococcus,0.439213918,0.529521521,0.470478479
Elizabethkingia,Pedobacter,0.438169779,0.530014255,0.469985745
Macrococcus,Nocardioides,0.438068586,0.530061984,0.469938016
Rhizobium,Gluconacetobacter,0.438030739,0.530079834,0.469920166
GW-34,Desulfovibrio,0.437731032,0.530221165,0.469778835
Butyricicoccus,Macellibacteroides,0.437656797,0.530256166,0.469743834
Psychrobacter,Flavobacterium,0.437402531,0.530376031,0.469623969
Bacteria_Firmicutes_Clostridia_Clostridiales_Lachnospiraceae_Ruminococcus,[Prevotella],0.437372694,0.530390095,0.469609905
Acinetobacter,Brevundimonas,0.436519397,0.530792146,0.469207854
Bacteria_Firmicutes_Clostridia_Clostridiales_Lachnospiraceae_Ruminococcus,Selenomonas,0.436511498,0.530795866,0.469204134
Papillibacter,Kribbia,0.43499782,0.531508316,0.468491684
Staphylococcus,Albidovulum,0.43419583,0.531885406,0.468114594
Streptococcus,Pseudoxanthomonas,0.433868063,0.532039443,0.467960557
Petrimonas,Akkermansia,0.433781643,0.532080049,0.467919951
Trueperella,Dietzia,0.433617239,0.532157289,0.467842711
Sphingobium,Roseburia,0.432681191,0.53259685,0.46740315
Bacteria_Firmicutes_Clostridia_Clostridiales_Peptostreptococcaceae_Clostridium,Prevotella,0.43252149,0.532671808,0.467328192
Staphylococcus,Nitrobacteria,0.43185589,0.532984104,0.467015896
Acinetobacter,Deinococcus,0.430906088,0.533429429,0.466570571
GW-34,Acholeplasma,0.430253501,0.533735187,0.466264813
ph2,Akkermansia,0.429847637,0.533925258,0.466074742
Kocuria,Acinetobacter,0.429271163,0.534195113,0.465804887
Psychrobacter,Helcococcus,0.429153944,0.534249968,0.465750032
Gluconacetobacter,Massilia,0.427820858,0.534873416,0.465126584
Trueperella,Serinibacter,0.426701693,0.535396258,0.464603742
Kocuria,Nitrobacteria,0.426517602,0.535482212,0.464517788
Bacteria_Firmicutes_Clostridia_Clostridiales_Lachnospiraceae_Ruminococcus,Sporobacter,0.426034735,0.5357076,0.4642924
Lactobacillus,Collinsella,0.425841716,0.535797669,0.464202331
Bacteria_Firmicutes_Clostridia_Clostridiales_Lachnospiraceae_Ruminococcus,Roseburia,0.425776767,0.535827973,0.464172027
Collinsella,Macellibacteroides,0.42573578,0.535847096,0.464152904
Succinivibrio,Barnesiella,0.425108856,0.536139508,0.463860492
Acinetobacter,Nitrobacteria,0.425015845,0.536182877,0.463817123
Micrococcus,Bacteria_Firmicutes_Clostridia_Clostridiales_Lachnospiraceae_Clostridium,0.424540255,0.536404579,0.463595421
Atopococcus,Bacteria_Firmicutes_Clostridia_Clostridiales_Ruminococcaceae_Clostridium,0.423873756,0.536715122,0.463284878
Lactococcus,Acinetobacter,0.423387903,0.536941383,0.463058617
Arcobacter,Lysobacter,0.423379461,0.536945313,0.463054687
Dietzia,Bacteria_Firmicutes_Bacilli_Bacillales_Planococcaceae_Bacillus,0.423141716,0.537055995,0.462944005
Atopostipes,Alkalibacterium,0.423107891,0.537071741,0.462928259
[Clostridium],CF231,0.422193788,0.537497075,0.462502925
Weissella,Lactonifactor,0.422071221,0.53755408,0.46244592
Elizabethkingia,Rhizobium,0.420805926,0.538142209,0.461857791
Atopostipes,Bacteria_Firmicutes_Clostridia_Clostridiales_Ruminococcaceae_Clostridium,0.420548529,0.538261772,0.461738228
Enhydrobacter,Alkanindiges,0.419550289,0.538725213,0.461274787
Anaerobiospirillum,Peptostreptococcus,0.419070164,0.538947973,0.461052027
Wautersiella,Campylobacter,0.418301239,0.539304534,0.460695466
Bacteria_Firmicutes_Bacilli_Bacillales_Planococcaceae_Bacillus,Nocardioides,0.418170196,0.539365277,0.460634723
Collinsella,Treponema,0.418156499,0.539371626,0.460628374
Butyricicoccus,Treponema,0.418070892,0.539411303,0.460588697
Helcococcus,Papillibacter,0.417780689,0.539545786,0.460454214
Millisia,Roseburia,0.416772134,0.540012901,0.459987099
Lactonifactor,Alkalibacterium,0.416553119,0.540114285,0.459885715
[Prevotella],Sporobacter,0.416091339,0.540327984,0.459672016
Acholeplasma,Bacteria_Firmicutes_Clostridia_Clostridiales_Ruminococcaceae_Bacteroides,0.415833268,0.540447376,0.459552624
Bordetella,Albidovulum,0.415156159,0.540760502,0.459239498
Acinetobacter,Rhizobium,0.41471682,0.540963576,0.459036424
Albidovulum,Moraxella,0.414474799,0.541075411,0.458924589
Bacteria_Bacteroidetes_Bacteroidia_Bacteroidales_Bacteroidaceae_Bacteroides,Bacteria_Firmicutes_Bacilli_Bacillales_Bacillaceae_Bacillus,0.414037134,0.541277593,0.458722407
Ochrobactrum,Pedobacter,0.413359511,0.541590477,0.458409523
Lactobacillus,Butyricicoccus,0.412734318,0.541878991,0.458121009
Sporobacter,Campylobacter,0.412535702,0.541970616,0.458029384
Sporobacter,Bacteria_Firmicutes_Clostridia_Clostridiales_Ruminococcaceae_Bacteroides,0.412011778,0.542212238,0.457787762
Granulicatella,Lactonifactor,0.411610894,0.542397044,0.457602956
Rhizobium,Bacteria_Proteobacteria_Gammaproteobacteria_Pseudomonadales_Pseudomonadaceae_Pseudomonas,0.410551906,0.54288493,0.45711507
Luteimicrobium,Gluconacetobacter,0.409962404,0.543156329,0.456843671
Helcococcus,Alkalibacterium,0.409890315,0.543189509,0.456810491
Granulicatella,GW-34,0.409517708,0.543360972,0.456639028
Enhydrobacter,Acinetobacter,0.408536074,0.543812434,0.456187566
Bacteria_Firmicutes_Clostridia_Clostridiales_Lachnospiraceae_Ruminococcus,Flavobacterium,0.407446186,0.544313243,0.455686757
Acinetobacter,Nonlabens,0.407190038,0.544430878,0.455569122
Bacteria_Firmicutes_Clostridia_Clostridiales_Lachnospiraceae_Clostridium,Bacteria_Firmicutes_Bacilli_Bacillales_Bacillaceae_Bacillus,0.406717949,0.544647616,0.455352384
Bacteria_Firmicutes_Clostridia_Clostridiales_Ruminococcaceae_Clostridium,Bacteria_Firmicutes_Bacilli_Bacillales_Bacillaceae_Bacillus,0.40617436,0.544897073,0.455102927
Pseudoxanthomonas,Nitrobacteria,0.404693554,0.545576047,0.454423953
Atopostipes,Bacteria_Firmicutes_Clostridia_Clostridiales_Lachnospiraceae_Ruminococcus,0.404646915,0.545597418,0.454402582
Psychrobacter,Wautersiella,0.404506873,0.545661583,0.454338417
Alkanindiges,Rhizobium,0.404494224,0.545667379,0.454332621
Succinispira,Anaerobiospirillum,0.403969905,0.545907545,0.454092455
Bacteria_Bacteroidetes_Bacteroidia_Bacteroidales_Bacteroidaceae_Bacteroides,CF231,0.403758537,0.546004333,0.453995667
Snodgrassella,Luteimicrobium,0.40368945,0.546035965,0.453964035
Dietzia,GW-34,0.403205855,0.546257332,0.453742668
Macrococcus,Isobaculum,0.402886296,0.546403562,0.453596438
Pediococcus,Gluconacetobacter,0.402870136,0.546410955,0.453589045
Enhydrobacter,Arthrobacter,0.401989748,0.546813612,0.453186388
Lactobacillus,Treponema,0.401910491,0.546849846,0.453150154
Bacteria_Firmicutes_Clostridia_Clostridiales_Ruminococcaceae_Clostridium,Helcococcus,0.401396682,0.547084691,0.452915309
Petrimonas,Brevibacterium,0.401254316,0.547149744,0.452850256
Selenomonas,Pediococcus,0.401174777,0.547186085,0.452813915
Arthrobacter,Albidovulum,0.400793682,0.547360173,0.452639827
Sporobacter,Dysgonomonas,-0.400787498,0.836895303,0.163104697
Ornithinimicrobium,Selenomonas,-0.401877652,0.837220894,0.162779106
Weissella,Dysgonomonas,-0.402575806,0.837429342,0.162570658
Roseburia,Snodgrassella,-0.403350604,0.837660613,0.162339387
Caldimonas,Lactonifactor,-0.40337381,0.837667538,0.162332462
Roseburia,Brevibacterium,-0.403541775,0.837717666,0.162282334
Helcobacillus,Treponema,-0.404082566,0.837879038,0.162120962
Bacteria_Firmicutes_Bacilli_Bacillales_Bacillaceae_Bacillus,Massilia,-0.404475275,0.837996204,0.162003796
Ornithinimicrobium,Collinsella,-0.405020875,0.838158957,0.161841043
Bifidobacterium,Bacteria_Firmicutes_Clostridia_Clostridiales_Ruminococcaceae_Bacteroides,-0.405396615,0.838271023,0.161728977
Succinispira,Nonlabens,-0.405537532,0.838313048,0.161686952
Granulicatella,Brevundimonas,-0.405785286,0.838386929,0.161613071
Alistipes,Gluconacetobacter,-0.407398282,0.838867773,0.161132227
Nocardioides,Rhizobium,-0.407531567,0.838907494,0.161092506
Roseburia,Gluconacetobacter,-0.407922299,0.839023927,0.160976073
CF231,Nonlabens,-0.407956648,0.839034161,0.160965839
Bacteria_Firmicutes_Clostridia_Clostridiales_Lachnospiraceae_Clostridium,Massilia,-0.408025585,0.839054702,0.160945298
Nocardioides,Anaerobiospirillum,-0.408156879,0.839093821,0.160906179
Elizabethkingia,Bacteria_Firmicutes_Clostridia_Clostridiales_Ruminococcaceae_Clostridium,-0.40826297,0.839125429,0.160874571
Kocuria,ph2,-0.408785721,0.839281157,0.160718843
Acholeplasma,Albidovulum,-0.409122635,0.839381509,0.160618491
Macrococcus,Elizabethkingia,-0.409280025,0.839428384,0.160571616
Trueperella,Collinsella,-0.409697178,0.839552612,0.160447388
Succinispira,Nitrobacteria,-0.410324437,0.839739375,0.160260625
Bacteria_Firmicutes_Clostridia_Clostridiales_Lachnospiraceae_Ruminococcus,Moraxella,-0.411320927,0.840035989,0.159964011
Brevundimonas,Barnesiella,-0.411392081,0.840057165,0.159942835
GW-34,Moraxella,-0.411534133,0.840099438,0.159900562
Atopostipes,Pediococcus,-0.412486434,0.84038278,0.15961722
Lactobacillus,Kurthia,-0.412519781,0.8403927,0.1596073
Bacteria_Firmicutes_Bacilli_Bacillales_Planococcaceae_Bacillus,Bacteria_Proteobacteria_Gammaproteobacteria_Pseudomonadales_Pseudomonadaceae_Pseudomonas,-0.41270369,0.840447408,0.159552592
Dietzia,Macellibacteroides,-0.412891022,0.84050313,0.15949687
Trueperella,Peptostreptococcus,-0.413002493,0.840536285,0.159463715
Helcococcus,Dysgonomonas,-0.413175364,0.8405877,0.1594123
Caldimonas,Serinibacter,-0.413784199,0.840768755,0.159231245
Acinetobacter,Bacteria_Firmicutes_Clostridia_Clostridiales_Ruminococcaceae_Clostridium,-0.413942368,0.840815785,0.159184215
Bacteria_Firmicutes_Clostridia_Clostridiales_Peptostreptococcaceae_Clostridium,Xanthobacter,-0.414051579,0.840848256,0.159151744
Bacteria_Firmicutes_Bacilli_Bacillales_Planococcaceae_Bacillus,Succinivibrio,-0.414769218,0.841061596,0.158938404
Corynebacterium,Deinococcus,-0.415097707,0.841159232,0.158840768
Novosphingobium,Barnesiella,-0.415452612,0.841264706,0.158735294
Atopostipes,Bordetella,-0.416128225,0.841465455,0.158534545
Petrimonas,Albidovulum,-0.416307262,0.841518646,0.158481354
Atopococcus,Sphingobacterium,-0.416340721,0.841528586,0.158471414
Bacteria_Firmicutes_Clostridia_Clostridiales_Peptostreptococcaceae_Clostridium,Pseudoxanthomonas,-0.416373033,0.841538185,0.158461815
[Clostridium],Brevundimonas,-0.416887177,0.84169091,0.15830909
GW-34,Caldimonas,-0.417260056,0.841801656,0.158198344
Prevotella,Deinococcus,-0.417346713,0.841827391,0.158172609
Bifidobacterium,Flavobacterium,-0.418183304,0.8420758,0.1579242
Bacteria_Firmicutes_Clostridia_Clostridiales_Ruminococcaceae_Bacteroides,Albidovulum,-0.418575649,0.842192273,0.157807727
Bordetella,Papillibacter,-0.41880561,0.842260533,0.157739467
Akkermansia,Xanthobacter,-0.418849789,0.842273646,0.157726354
Lactobacillus,ph2,-0.419153533,0.842363797,0.157636203
Acinetobacter,Petrimonas,-0.419720573,0.842532068,0.157467932
Bacteria_Firmicutes_Clostridia_Clostridiales_Lachnospiraceae_Clostridium,Lysobacter,-0.420412178,0.84273726,0.15726274
CF231,Gluconacetobacter,-0.420697142,0.842821791,0.157178209
Lacticigenium,Petrimonas,-0.421272821,0.842992533,0.157007467
Succinivibrio,Nitrobacteria,-0.421869109,0.843169351,0.156830649
Ornithinimicrobium,Peptostreptococcus,-0.422109748,0.843240698,0.156759302
Novosphingobium,Campylobacter,-0.422378711,0.843320435,0.156679565
Atopostipes,Xanthobacter,-0.422407931,0.843329097,0.156670903
Nocardioides,Succinivibrio,-0.422517208,0.843361491,0.156638509
Helcobacillus,Peptostreptococcus,-0.423095054,0.843532766,0.156467234
Rothia,Isobaculum,-0.423156916,0.8435511,0.1564489
Bacteria_Firmicutes_Bacilli_Bacillales_Planococcaceae_Bacillus,Anaerobiospirillum,-0.4245954,0.84397731,0.15602269
Succinispira,Rhizobium,-0.424749587,0.844022982,0.155977018
Rothia,Barnesiella,-0.425087105,0.844122949,0.155877051
Novosphingobium,Flavobacterium,-0.425386472,0.844211606,0.155788394
Staphylococcus,Acholeplasma,-0.425454978,0.844231893,0.155768107
Papillibacter,Pedobacter,-0.425760873,0.844322472,0.155677528
Granulicatella,Bacteria_Proteobacteria_Gammaproteobacteria_Pseudomonadales_Pseudomonadaceae_Pseudomonas,-0.425804737,0.84433546,0.15566454
Kocuria,Atopostipes,-0.426043515,0.844406157,0.155593843
Bacteria_Firmicutes_Clostridia_Clostridiales_Ruminococcaceae_Bacteroides,Sphingobacterium,-0.426467181,0.844531581,0.155468419
Ornithinimicrobium,Succinivibrio,-0.42650591,0.844543045,0.155456955
Sphingobium,Macellibacteroides,-0.426612721,0.844574663,0.155425337
GW-34,Albidovulum,-0.426813162,0.844633992,0.155366008
Bacteria_Firmicutes_Clostridia_Clostridiales_Ruminococcaceae_Bacteroides,Dysgonomonas,-0.427788435,0.84492261,0.15507739
Bacteria_Firmicutes_Clostridia_Clostridiales_Peptostreptococcaceae_Clostridium,Brevundimonas,-0.428547203,0.845147089,0.154852911
Helcobacillus,Collinsella,-0.428666091,0.845182256,0.154817744
Sphingobium,Sporobacter,-0.43024565,0.845649351,0.154350649
Alistipes,Alkanindiges,-0.431060296,0.845890151,0.154109849
Dietzia,Wautersiella,-0.431225942,0.845939106,0.154060894
Acinetobacter,Lactonifactor,-0.431383098,0.845985549,0.154014451
Roseburia,Luteimicrobium,-0.431538335,0.846031422,0.153968578
Trueperella,Dorea,-0.431790021,0.846105791,0.153894209
Bacteria_Firmicutes_Clostridia_Clostridiales_Ruminococcaceae_Bacteroides,Xanthobacter,-0.432123464,0.846204309,0.153795691
Sporobacter,Sphingobacterium,-0.432380291,0.846280182,0.153719818
Millisia,Sphingobacterium,-0.432414151,0.846290184,0.153709816
Atopococcus,Bordetella,-0.432559016,0.846332977,0.153667023
Kocuria,Bacteria_Firmicutes_Clostridia_Clostridiales_Clostridiaceae_Clostridium,-0.432766944,0.846394395,0.153605605
Kocuria,Helcococcus,-0.433176618,0.846515392,0.153484608
Treponema,Brevundimonas,-0.433275176,0.846544499,0.153455501
CF231,Alkanindiges,-0.434323364,0.846853991,0.153146009
Rhizobium,Akkermansia,-0.435263519,0.847131489,0.152868511
Prevotella,Snodgrassella,-0.43531593,0.847146956,0.152853044
Nocardioides,Butyricicoccus,-0.435694214,0.847258583,0.152741417
Ornithinimicrobium,Butyricicoccus,-0.435790755,0.847287069,0.152712931
Elizabethkingia,CF231,-0.435855377,0.847306136,0.152693864
Arthrobacter,[Prevotella],-0.436197484,0.84740707,0.15259293
Atopococcus,Elizabethkingia,-0.436412978,0.847470642,0.152529358
Arthrobacter,Peptostreptococcus,-0.436755833,0.847571777,0.152428223
Atopococcus,Enhydrobacter,-0.437014965,0.847648207,0.152351793
Atopococcus,Dysgonomonas,-0.438856025,0.848191023,0.151808977
Lacticigenium,Psychrobacter,-0.440453152,0.848661638,0.151338362
Akkermansia,Sphingobacterium,-0.440877437,0.848786615,0.151213385
Kocuria,Bacteria_Firmicutes_Clostridia_Clostridiales_Lachnospiraceae_Clostridium,-0.441074921,0.84884478,0.15115522
Elizabethkingia,Granulicatella,-0.441111137,0.848855446,0.151144554
Novosphingobium,Petrimonas,-0.441572436,0.848991295,0.151008705
Novosphingobium,Selenomonas,-0.441774343,0.849050747,0.150949253
Bacteria_Firmicutes_Clostridia_Clostridiales_Ruminococcaceae_Clostridium,Nitrobacteria,-0.442273259,0.849197639,0.150802361
Arcobacter,Brevundimonas,-0.442731186,0.84933244,0.15066756
Lacticigenium,Campylobacter,-0.44354387,0.849571619,0.150428381
Prevotella,Gluconacetobacter,-0.444025952,0.849713467,0.150286533
Sphingobium,Bacteria_Firmicutes_Clostridia_Clostridiales_Ruminococcaceae_Bacteroides,-0.444185479,0.849760401,0.150239599
Arthrobacter,Flavobacterium,-0.446575462,0.850463245,0.149536755
Bacteria_Firmicutes_Clostridia_Clostridiales_Ruminococcaceae_Clostridium,Snodgrassella,-0.447237392,0.850657802,0.149342198
Streptococcus,Atopostipes,-0.447862192,0.850841405,0.149158595
Lactococcus,CF231,-0.448310886,0.850973233,0.149026767
Bacteria_Firmicutes_Clostridia_Clostridiales_Ruminococcaceae_Clostridium,Gluconacetobacter,-0.448542167,0.851041176,0.148958824
Akkermansia,Dysgonomonas,-0.448561455,0.851046842,0.148953158
Bacteria_Firmicutes_Clostridia_Clostridiales_Peptostreptococcaceae_Clostridium,Sphingobacterium,-0.44934857,0.85127803,0.14872197
Atopostipes,Dysgonomonas,-0.449355855,0.85128017,0.14871983
Lacticigenium,Arcobacter,-0.450804758,0.851705571,0.148294429
Caldimonas,Alkalibacterium,-0.451751116,0.851983308,0.148016692
Prevotella,Nitrobacteria,-0.452937468,0.852331352,0.147668648
Bacteria_Firmicutes_Clostridia_Clostridiales_Lachnospiraceae_Ruminococcus,Brevundimonas,-0.453103109,0.852379936,0.147620064
Staphylococcus,GW-34,-0.453553281,0.852511959,0.147488041
Bacteria_Firmicutes_Clostridia_Clostridiales_Peptostreptococcaceae_Clostridium,Acinetobacter,-0.453604469,0.85252697,0.14747303
Bacteria_Firmicutes_Clostridia_Clostridiales_Lachnospiraceae_Ruminococcus,Albidovulum,-0.453875022,0.852606305,0.147393695
Helcobacillus,Dorea,-0.453983031,0.852637974,0.147362026
ph2,Sphingobacterium,-0.454038475,0.852654231,0.147345769
Dietzia,Succinivibrio,-0.45529521,0.853022629,0.146977371
Enhydrobacter,Psychrobacter,-0.455334064,0.853034016,0.146965984
Dietzia,Butyricicoccus,-0.455335402,0.853034408,0.146965592
Weissella,Sphingobacterium,-0.45549297,0.853080585,0.146919415
Millisia,Pedobacter,-0.455673416,0.853133464,0.146866536
Bacteria_Firmicutes_Clostridia_Clostridiales_Ruminococcaceae_Clostridium,Pedobacter,-0.45727639,0.853603067,0.146396933
Atopostipes,Sphingobacterium,-0.457280863,0.853604376,0.146395624
Staphylococcus,Barnesiella,-0.457984041,0.853810295,0.146189705
Atopococcus,Xanthobacter,-0.458529747,0.853970066,0.146029934
Helcococcus,Sphingobacterium,-0.458776276,0.854042234,0.145957766
Bacteria_Firmicutes_Clostridia_Clostridiales_Ruminococcaceae_Clostridium,Pseudoxanthomonas,-0.459877683,0.854364583,0.145635417
Elizabethkingia,Barnesiella,-0.459991426,0.854397866,0.145602134
Acinetobacter,Helcococcus,-0.460546942,0.854560396,0.145439604
Deinococcus,Anaerobiospirillum,-0.460678888,0.854598996,0.145401004
Bifidobacterium,Sporobacter,-0.460788438,0.854631043,0.145368957
Streptococcus,Bacteria_Firmicutes_Clostridia_Clostridiales_Lachnospiraceae_Clostridium,-0.461424993,0.85481723,0.14518277
Acinetobacter,Barnesiella,-0.46180088,0.854927155,0.145072845
Rhizobium,Arcobacter,-0.462155593,0.855030875,0.144969125
Corynebacterium,Rhizobium,-0.462378081,0.855095925,0.144904075
Lacticigenium,Bacteria_Firmicutes_Bacilli_Bacillales_Planococcaceae_Bacillus,-0.462797015,0.855218397,0.144781603
Micrococcus,Brevundimonas,-0.463175226,0.85532895,0.14467105
Helcobacillus,Succinivibrio,-0.465661682,0.856055396,0.143944604
Rothia,Alkalibacterium,-0.465871133,0.856116561,0.143883439
Weissella,Nitrobacteria,-0.466850928,0.85640263,0.14359737
[Clostridium],Nonlabens,-0.466873373,0.856409182,0.143590818
Granulicatella,Rhizobium,-0.467354614,0.856549652,0.143450348
Corynebacterium,Acinetobacter,-0.467622473,0.856627828,0.143372172
Atopococcus,Deinococcus,-0.468150342,0.856781869,0.143218131
Enhydrobacter,Succinispira,-0.46884415,0.856984291,0.143015709
Bacteria_Firmicutes_Clostridia_Clostridiales_Peptostreptococcaceae_Clostridium,Rhizobium,-0.470231496,0.857388913,0.142611087
Bifidobacterium,Oscillospira,-0.471952509,0.857890584,0.142109416
Helcococcus,Xanthobacter,-0.471967974,0.857895091,0.142104909
Bacteria_Firmicutes_Clostridia_Clostridiales_Clostridiaceae_Clostridium,Brevundimonas,-0.472108021,0.857935901,0.142064099
Enhydrobacter,Millisia,-0.472330179,0.858000635,0.141999365
Novosphingobium,Brevibacterium,-0.472433396,0.858030709,0.141969291
Elizabethkingia,Helcococcus,-0.473306234,0.858284986,0.141715014
Kocuria,Sporobacter,-0.473850174,0.858443409,0.141556591
Kocuria,Papillibacter,-0.475132247,0.8588167,0.1411833
Arthrobacter,Succinivibrio,-0.475898878,0.859039836,0.140960164
Papillibacter,Sphingobacterium,-0.476007694,0.859071503,0.140928497
Lacticigenium,Desulfovibrio,-0.47622801,0.859135615,0.140864385
Granulicatella,Lactococcus,-0.476233986,0.859137354,0.140862646
[Clostridium],Bordetella,-0.47844619,0.859780841,0.140219159
Deinococcus,Barnesiella,-0.479860751,0.860192057,0.139807943
Enhydrobacter,Barnesiella,-0.480868851,0.860484994,0.139515006
Staphylococcus,Lactonifactor,-0.481248145,0.860595185,0.139404815
Arthrobacter,Butyricicoccus,-0.481523491,0.860675168,0.139324832
Millisia,Pediococcus,-0.483070191,0.861124321,0.138875679
Acinetobacter,Isobaculum,-0.484201754,0.861452771,0.138547229
Elizabethkingia,Micrococcus,-0.485353478,0.861786945,0.138213055
Kocuria,Kribbia,-0.486169491,0.862023634,0.137976366
Rothia,Lactonifactor,-0.486724343,0.862184534,0.137815466
Micrococcus,Bacteria_Proteobacteria_Gammaproteobacteria_Pseudomonadales_Pseudomonadaceae_Pseudomonas,-0.487226263,0.86233006,0.13766994
Lacticigenium,Brevibacterium,-0.489414125,0.862964114,0.137035886
Atopococcus,Kocuria,-0.48957324,0.863010209,0.136989791
Deinococcus,GW-34,-0.490065862,0.863152901,0.136847099
Novosphingobium,Sporobacter,-0.490772481,0.863357539,0.136642461
Treponema,Nitrobacteria,-0.491670965,0.863617671,0.136382329
Enhydrobacter,Bacteria_Firmicutes_Clostridia_Clostridiales_Lachnospiraceae_Ruminococcus,-0.491806784,0.863656987,0.136343013
Papillibacter,Dysgonomonas,-0.492469678,0.863848852,0.136151148
Arthrobacter,Bacteria_Firmicutes_Clostridia_Clostridiales_Lachnospiraceae_Ruminococcus,-0.493838861,0.864245006,0.135754994
Prevotella,Massilia,-0.494142253,0.864332764,0.135667236
Bacteria_Firmicutes_Clostridia_Clostridiales_Lachnospiraceae_Ruminococcus,Nitrobacteria,-0.494268995,0.864369422,0.135630578
Acinetobacter,Acholeplasma,-0.494285187,0.864374105,0.135625895
Staphylococcus,Helcococcus,-0.494622713,0.864471721,0.135528279
Rothia,GW-34,-0.495034253,0.864590728,0.135409272
Bacteria_Firmicutes_Clostridia_Clostridiales_Lachnospiraceae_Ruminococcus,Bordetella,-0.49503892,0.864592077,0.135407923
Prevotella,Pseudoxanthomonas,-0.495476676,0.864718647,0.135281353
Dietzia,Peptostreptococcus,-0.49557104,0.864745928,0.135254072
Granulicatella,Bordetella,-0.49614652,0.864912285,0.135087715
Streptococcus,Bacteria_Firmicutes_Clostridia_Clostridiales_Clostridiaceae_Clostridium,-0.496211691,0.864931122,0.135068878
Helcococcus,Moraxella,-0.497213471,0.865220628,0.134779372
Arthrobacter,Collinsella,-0.497379412,0.865268575,0.134731425
Dietzia,Collinsella,-0.498177213,0.865499051,0.134500949
[Clostridium],Ochrobactrum,-0.501636273,0.866497626,0.133502374
Deinococcus,Lactonifactor,-0.501896259,0.866572634,0.133427366
Granulicatella,Nonlabens,-0.502495208,0.866745409,0.133254591
Barnesiella,Albidovulum,-0.502687952,0.866801001,0.133198999
Micrococcus,Alkanindiges,-0.503728824,0.867101154,0.132898846
Bacteria_Firmicutes_Clostridia_Clostridiales_Clostridiaceae_Clostridium,Pseudoxanthomonas,-0.505576785,0.867633789,0.132366211
Elizabethkingia,Millisia,-0.505874009,0.867719427,0.132280573
Helcococcus,Caldimonas,-0.507872154,0.868294925,0.131705075
Nitrobacteria,Lactonifactor,-0.507964452,0.868321499,0.131678501
Bacteria_Firmicutes_Clostridia_Clostridiales_Ruminococcaceae_Clostridium,Rhizobium,-0.508375909,0.868439954,0.131560046
Streptococcus,Alistipes,-0.508613407,0.868508321,0.131491679
Bacteria_Firmicutes_Clostridia_Clostridiales_Peptostreptococcaceae_Clostridium,Nitrobacteria,-0.508697758,0.868532601,0.131467399
Bacteria_Firmicutes_Clostridia_Clostridiales_Peptostreptococcaceae_Clostridium,Nonlabens,-0.509189821,0.868674226,0.131325774
Novosphingobium,Bacteria_Firmicutes_Clostridia_Clostridiales_Ruminococcaceae_Bacteroides,-0.510494553,0.86904964,0.13095036
Psychrobacter,Albidovulum,-0.511063752,0.869213366,0.130786634
Acinetobacter,Alkalibacterium,-0.511236075,0.869262928,0.130737072
Micrococcus,Lactococcus,-0.512024573,0.86948967,0.13051033
Acinetobacter,Papillibacter,-0.514650343,0.870244317,0.129755683
Succinispira,Gluconacetobacter,-0.514771244,0.870279048,0.129720952
Papillibacter,Xanthobacter,-0.516186067,0.870685382,0.129314618
Dietzia,Dorea,-0.517558587,0.871079384,0.128920616
Bacteria_Firmicutes_Clostridia_Clostridiales_Lachnospiraceae_Ruminococcus,Ochrobactrum,-0.519664666,0.87168362,0.12831638
Arthrobacter,Dorea,-0.519852487,0.871737485,0.128262515
Enhydrobacter,Lactonifactor,-0.520875218,0.872030739,0.127969261
[Clostridium],Sphingobacterium,-0.521815667,0.872300312,0.127699688
Roseburia,Rhizobium,-0.522597298,0.872524297,0.127475703
Prevotella,Moraxella,-0.52272912,0.872562067,0.127437933
Bacteria_Firmicutes_Bacilli_Bacillales_Planococcaceae_Bacillus,Treponema,-0.523489002,0.872779755,0.127220245
Micrococcus,Acinetobacter,-0.524378675,0.873034557,0.126965443
CF231,Brevundimonas,-0.52442695,0.873048381,0.126951619
Kurthia,Treponema,-0.526618076,0.873675591,0.126324409
Kocuria,Bacteria_Firmicutes_Clostridia_Clostridiales_Ruminococcaceae_Clostridium,-0.526669301,0.873690249,0.126309751
Granulicatella,Ochrobactrum,-0.528750409,0.874285539,0.125714461
Acinetobacter,Trueperella,-0.529191877,0.874411767,0.125588233
Alistipes,Massilia,-0.529826583,0.874593215,0.125406785
Bacteria_Firmicutes_Clostridia_Clostridiales_Ruminococcaceae_Clostridium,Massilia,-0.53083738,0.874882101,0.125117899
Succinispira,Snodgrassella,-0.531130049,0.874965728,0.125034272
Bacteria_Firmicutes_Clostridia_Clostridiales_Ruminococcaceae_Clostridium,Alkanindiges,-0.532320744,0.875305873,0.124694127
[Clostridium],Bacteria_Proteobacteria_Gammaproteobacteria_Pseudomonadales_Pseudomonadaceae_Pseudomonas,-0.535162991,0.876117284,0.123882716
Rothia,Helcococcus,-0.535370284,0.876176433,0.123823567
Atopostipes,Pedobacter,-0.535691181,0.87626799,0.12373201
Staphylococcus,Bacteria_Proteobacteria_Gammaproteobacteria_Pseudomonadales_Pseudomonadaceae_Pseudomonas,-0.535892203,0.87632534,0.12367466
Kocuria,Bacteria_Firmicutes_Clostridia_Clostridiales_Lachnospiraceae_Ruminococcus,-0.536456428,0.876486288,0.123513712
Succinispira,Deinococcus,-0.538009395,0.876929129,0.123070871
Bacteria_Firmicutes_Clostridia_Clostridiales_Clostridiaceae_Clostridium,Lactococcus,-0.539939739,0.87747927,0.12252073
Sphingobium,Flavobacterium,-0.544275284,0.878713629,0.121286371
Succinispira,Brevundimonas,-0.545496853,0.879061105,0.120938895
Streptococcus,CF231,-0.545896969,0.879174888,0.120825112
[Clostridium],Xanthobacter,-0.547468902,0.879621766,0.120378234
Bacteria_Firmicutes_Clostridia_Clostridiales_Lachnospiraceae_Ruminococcus,Sphingobacterium,-0.549638988,0.880238317,0.119761683
Arthrobacter,Selenomonas,-0.551307043,0.88071194,0.11928806
Bacteria_Firmicutes_Clostridia_Clostridiales_Clostridiaceae_Clostridium,Gluconacetobacter,-0.554717249,0.881679434,0.118320566
Novosphingobium,Macellibacteroides,-0.555186739,0.881812548,0.118187452
[Clostridium],Dysgonomonas,-0.555385165,0.881868801,0.118131199
Lactococcus,Bacteria_Firmicutes_Clostridia_Clostridiales_Peptostreptococcaceae_Clostridium,-0.556019356,0.882048569,0.117951431
Granulicatella,Dysgonomonas,-0.559639135,0.883073931,0.116926069
Elizabethkingia,GW-34,-0.56023144,0.883241598,0.116758402
Succinispira,Massilia,-0.560409883,0.883292104,0.116707896
Bacteria_Firmicutes_Clostridia_Clostridiales_Clostridiaceae_Clostridium,Nonlabens,-0.560620214,0.883351633,0.116648367
Micrococcus,Nonlabens,-0.560792112,0.883400281,0.116599719
Bacteria_Firmicutes_Clostridia_Clostridiales_Lachnospiraceae_Ruminococcus,Deinococcus,-0.562761489,0.883957434,0.116042566
Lactonifactor,Albidovulum,-0.563482224,0.884161248,0.115838752
Kocuria,Micrococcus,-0.565555864,0.884747383,0.115252617
Prevotella,Brevundimonas,-0.567421041,0.885274263,0.114725737
Bacteria_Firmicutes_Clostridia_Clostridiales_Ruminococcaceae_Clostridium,Brevundimonas,-0.567853263,0.885396313,0.114603687
Bacteria_Firmicutes_Clostridia_Clostridiales_Lachnospiraceae_Ruminococcus,Xanthobacter,-0.568103163,0.885466872,0.114533128
Succinispira,Alkanindiges,-0.569546602,0.885874314,0.114125686
Sphingobium,Psychrobacter,-0.571027289,0.886292076,0.113707924
Elizabethkingia,Alistipes,-0.572822589,0.886798339,0.113201661
Bacteria_Firmicutes_Clostridia_Clostridiales_Lachnospiraceae_Ruminococcus,Dysgonomonas,-0.573744974,0.887058333,0.112941667
Bacteria_Firmicutes_Clostridia_Clostridiales_Clostridiaceae_Clostridium,Snodgrassella,-0.574918519,0.887389012,0.112610988
Granulicatella,Xanthobacter,-0.575674941,0.88760209,0.11239791
Bacteria_Firmicutes_Clostridia_Clostridiales_Peptostreptococcaceae_Clostridium,Pedobacter,-0.575924328,0.887672329,0.112327671
Elizabethkingia,Succinispira,-0.582549958,0.889536384,0.110463616
Corynebacterium,Bacteria_Bacteroidetes_Bacteroidia_Bacteroidales_Bacteroidaceae_Bacteroides,-0.583208254,0.889721376,0.110278624
Acinetobacter,GW-34,-0.583439631,0.889786388,0.110213612
Bacteria_Firmicutes_Clostridia_Clostridiales_Ruminococcaceae_Clostridium,Nonlabens,-0.584211822,0.890003321,0.109996679
Corynebacterium,Elizabethkingia,-0.586739551,0.890713071,0.109286929
Helcococcus,Nitrobacteria,-0.586886358,0.890754275,0.109245725
Streptococcus,Bacteria_Firmicutes_Clostridia_Clostridiales_Ruminococcaceae_Clostridium,-0.589279938,0.891425807,0.108574193
Succinispira,Moraxella,-0.591794113,0.892130627,0.107869373
Atopococcus,Acinetobacter,-0.594804535,0.892973834,0.107026166
CF231,Massilia,-0.598503964,0.894008938,0.105991062
Bacteria_Firmicutes_Clostridia_Clostridiales_Clostridiaceae_Clostridium,Pedobacter,-0.599567024,0.894306162,0.105693838
Deinococcus,Helcococcus,-0.59995069,0.894413408,0.105586592
Bacteria_Firmicutes_Clostridia_Clostridiales_Clostridiaceae_Clostridium,Alkanindiges,-0.600884474,0.894674375,0.105325625
Micrococcus,Rhizobium,-0.60343868,0.895387815,0.104612185
Atopostipes,Acinetobacter,-0.606986025,0.896377717,0.103622283
[Clostridium],Pedobacter,-0.609015811,0.896943647,0.103056353
Arthrobacter,Anaerobiospirillum,-0.609837091,0.897172528,0.102827472
Granulicatella,Pedobacter,-0.615447023,0.898734394,0.101265606
Lactococcus,Bacteria_Firmicutes_Clostridia_Clostridiales_Ruminococcaceae_Clostridium,-0.619879988,0.899966663,0.100033337
Granulicatella,Sphingobacterium,-0.620405725,0.900112694,0.099887306
Bifidobacterium,Campylobacter,-0.623476734,0.900965242,0.099034758
Granulicatella,Acinetobacter,-0.623809039,0.901057445,0.098942555
Enhydrobacter,GW-34,-0.633454312,0.903729581,0.096270419
Acinetobacter,ph2,-0.641676036,0.906001114,0.093998886
Micrococcus,Pedobacter,-0.645776634,0.907131918,0.092868082
Millisia,Acinetobacter,-0.65428324,0.909473265,0.090526735
Enhydrobacter,Helcococcus,-0.657150072,0.910260971,0.089739029
Helcococcus,Albidovulum,-0.664873907,0.91237983,0.08762017
Ornithinimicrobium,Anaerobiospirillum,-0.669076897,0.913530759,0.086469241
Novosphingobium,Psychrobacter,-0.680003977,0.916516224,0.083483776
Kocuria,[Clostridium],-0.699098862,0.921710058,0.078289942
Kocuria,Bacteria_Firmicutes_Clostridia_Clostridiales_Peptostreptococcaceae_Clostridium,-0.717492263,0.926685562,0.073314438
Kocuria,Granulicatella,-0.761860209,0.938578768,0.061421232
